-- MiTV Mundial 2026 - seed de calendario y medios

insert into public.media_channels (id, name, country) values
  ('tigo-sports', 'Tigo Sports', null),
  ('fox', 'FOX', null),
  ('canal-11-guatemala', 'Canal 11 Guatemala', 'Guatemala'),
  ('canal-4-el-salvador', 'Canal 4 El Salvador', 'El Salvador'),
  ('canal-7-guatemala', 'Canal 7 Guatemala', 'Guatemala'),
  ('canal-13-guatemala', 'Canal 13 Guatemala', 'Guatemala'),
  ('canal-3-guatemala', 'Canal 3 Guatemala', 'Guatemala')
on conflict (id) do update set name = excluded.name, country = excluded.country;

insert into public.matches (id, round, group_code, match_date, day_label, match_time, home_team, away_team, status) values
  ('m001', 'Fecha 1', 'A', '2026-06-11', 'Jue 11/06', '13:00', 'México', 'Sudáfrica', 'scheduled'),
  ('m002', 'Fecha 1', 'A', '2026-06-11', 'Jue 11/06', '20:00', 'Corea del Sur', 'Chequia', 'scheduled'),
  ('m003', 'Fecha 1', 'B', '2026-06-12', 'Vie 12/06', '13:00', 'Canadá', 'Bosnia', 'scheduled'),
  ('m004', 'Fecha 1', 'D', '2026-06-12', 'Vie 12/06', '19:00', 'Estados Unidos', 'Paraguay', 'scheduled'),
  ('m005', 'Fecha 1', 'B', '2026-06-13', 'Sáb 13/06', '13:00', 'Qatar', 'Suiza', 'scheduled'),
  ('m006', 'Fecha 1', 'C', '2026-06-13', 'Sáb 13/06', '16:00', 'Brasil', 'Marruecos', 'scheduled'),
  ('m007', 'Fecha 1', 'C', '2026-06-13', 'Sáb 13/06', '19:00', 'Haití', 'Escocia', 'scheduled'),
  ('m008', 'Fecha 1', 'D', '2026-06-13', 'Sáb 13/06', '22:00', 'Australia', 'Turquía', 'scheduled'),
  ('m009', 'Fecha 1', 'E', '2026-06-14', 'Dom 14/06', '11:00', 'Alemania', 'Curazao', 'scheduled'),
  ('m010', 'Fecha 1', 'F', '2026-06-14', 'Dom 14/06', '14:00', 'Países Bajos', 'Japón', 'scheduled'),
  ('m011', 'Fecha 1', 'E', '2026-06-14', 'Dom 14/06', '17:00', 'Costa de Marfil', 'Ecuador', 'scheduled'),
  ('m012', 'Fecha 1', 'F', '2026-06-14', 'Dom 14/06', '20:00', 'Suecia', 'Túnez', 'scheduled'),
  ('m013', 'Fecha 1', 'H', '2026-06-15', 'Lun 15/06', '10:00', 'España', 'Cabo Verde', 'scheduled'),
  ('m014', 'Fecha 1', 'G', '2026-06-15', 'Lun 15/06', '13:00', 'Bélgica', 'Egipto', 'scheduled'),
  ('m015', 'Fecha 1', 'H', '2026-06-15', 'Lun 15/06', '16:00', 'Arabia Saudita', 'Uruguay', 'scheduled'),
  ('m016', 'Fecha 1', 'G', '2026-06-15', 'Lun 15/06', '19:00', 'Irán', 'Nueva Zelanda', 'scheduled'),
  ('m017', 'Fecha 1', 'I', '2026-06-16', 'Mar 16/06', '13:00', 'Francia', 'Senegal', 'scheduled'),
  ('m018', 'Fecha 1', 'I', '2026-06-16', 'Mar 16/06', '16:00', 'Irak', 'Noruega', 'scheduled'),
  ('m019', 'Fecha 1', 'J', '2026-06-16', 'Mar 16/06', '19:00', 'Argentina', 'Argelia', 'scheduled'),
  ('m020', 'Fecha 1', 'J', '2026-06-16', 'Mar 16/06', '22:00', 'Austria', 'Jordania', 'scheduled'),
  ('m021', 'Fecha 1', 'K', '2026-06-17', 'Mié 17/06', '11:00', 'Portugal', 'RD Congo', 'scheduled'),
  ('m022', 'Fecha 1', 'L', '2026-06-17', 'Mié 17/06', '14:00', 'Inglaterra', 'Croacia', 'scheduled'),
  ('m023', 'Fecha 1', 'L', '2026-06-17', 'Mié 17/06', '17:00', 'Ghana', 'Panamá', 'scheduled'),
  ('m024', 'Fecha 1', 'K', '2026-06-17', 'Mié 17/06', '20:00', 'Uzbekistán', 'Colombia', 'scheduled'),
  ('m025', 'Fecha 2', 'A', '2026-06-18', 'Jue 18/06', '10:00', 'Chequia', 'Sudáfrica', 'scheduled'),
  ('m026', 'Fecha 2', 'B', '2026-06-18', 'Jue 18/06', '13:00', 'Suiza', 'Bosnia', 'scheduled'),
  ('m027', 'Fecha 2', 'B', '2026-06-18', 'Jue 18/06', '16:00', 'Canadá', 'Qatar', 'scheduled'),
  ('m028', 'Fecha 2', 'A', '2026-06-18', 'Jue 18/06', '19:00', 'México', 'Corea del Sur', 'scheduled'),
  ('m029', 'Fecha 2', 'D', '2026-06-19', 'Vie 19/06', '13:00', 'Estados Unidos', 'Australia', 'scheduled'),
  ('m030', 'Fecha 2', 'C', '2026-06-19', 'Vie 19/06', '16:00', 'Escocia', 'Marruecos', 'scheduled'),
  ('m031', 'Fecha 2', 'C', '2026-06-19', 'Vie 19/06', '18:30', 'Brasil', 'Haití', 'scheduled'),
  ('m032', 'Fecha 2', 'D', '2026-06-19', 'Vie 19/06', '21:00', 'Turquía', 'Paraguay', 'scheduled'),
  ('m033', 'Fecha 2', 'F', '2026-06-20', 'Sáb 20/06', '11:00', 'Países Bajos', 'Suecia', 'scheduled'),
  ('m034', 'Fecha 2', 'E', '2026-06-20', 'Sáb 20/06', '14:00', 'Alemania', 'Costa de Marfil', 'scheduled'),
  ('m035', 'Fecha 2', 'E', '2026-06-20', 'Sáb 20/06', '18:00', 'Ecuador', 'Curazao', 'scheduled'),
  ('m036', 'Fecha 2', 'F', '2026-06-20', 'Sáb 20/06', '22:00', 'Túnez', 'Japón', 'scheduled'),
  ('m037', 'Fecha 2', 'H', '2026-06-21', 'Dom 21/06', '10:00', 'España', 'Arabia Saudita', 'scheduled'),
  ('m038', 'Fecha 2', 'G', '2026-06-21', 'Dom 21/06', '13:00', 'Bélgica', 'Irán', 'scheduled'),
  ('m039', 'Fecha 2', 'H', '2026-06-21', 'Dom 21/06', '16:00', 'Uruguay', 'Cabo Verde', 'scheduled'),
  ('m040', 'Fecha 2', 'G', '2026-06-21', 'Dom 21/06', '19:00', 'Nueva Zelanda', 'Egipto', 'scheduled'),
  ('m041', 'Fecha 2', 'J', '2026-06-22', 'Lun 22/06', '11:00', 'Argentina', 'Austria', 'scheduled'),
  ('m042', 'Fecha 2', 'I', '2026-06-22', 'Lun 22/06', '15:00', 'Francia', 'Irak', 'scheduled'),
  ('m043', 'Fecha 2', 'I', '2026-06-22', 'Lun 22/06', '18:00', 'Noruega', 'Senegal', 'scheduled'),
  ('m044', 'Fecha 2', 'J', '2026-06-22', 'Lun 22/06', '21:00', 'Jordania', 'Argelia', 'scheduled'),
  ('m045', 'Fecha 2', 'K', '2026-06-23', 'Mar 23/06', '11:00', 'Portugal', 'Uzbekistán', 'scheduled'),
  ('m046', 'Fecha 2', 'L', '2026-06-23', 'Mar 23/06', '14:00', 'Inglaterra', 'Ghana', 'scheduled'),
  ('m047', 'Fecha 2', 'L', '2026-06-23', 'Mar 23/06', '17:00', 'Panamá', 'Croacia', 'scheduled'),
  ('m048', 'Fecha 2', 'K', '2026-06-23', 'Mar 23/06', '20:00', 'Colombia', 'RD Congo', 'scheduled'),
  ('m049', 'Fecha 3', 'B', '2026-06-24', 'Mié 24/06', '13:00', 'Suiza', 'Canadá', 'scheduled'),
  ('m050', 'Fecha 3', 'B', '2026-06-24', 'Mié 24/06', '13:00', 'Bosnia', 'Qatar', 'scheduled'),
  ('m051', 'Fecha 3', 'C', '2026-06-24', 'Mié 24/06', '16:00', 'Escocia', 'Brasil', 'scheduled'),
  ('m052', 'Fecha 3', 'C', '2026-06-24', 'Mié 24/06', '16:00', 'Marruecos', 'Haití', 'scheduled'),
  ('m053', 'Fecha 3', 'A', '2026-06-24', 'Mié 24/06', '19:00', 'Chequia', 'México', 'scheduled'),
  ('m054', 'Fecha 3', 'A', '2026-06-24', 'Mié 24/06', '19:00', 'Sudáfrica', 'Corea del Sur', 'scheduled'),
  ('m055', 'Fecha 3', 'E', '2026-06-25', 'Jue 25/06', '14:00', 'Ecuador', 'Alemania', 'scheduled'),
  ('m056', 'Fecha 3', 'E', '2026-06-25', 'Jue 25/06', '14:00', 'Curazao', 'Costa de Marfil', 'scheduled'),
  ('m057', 'Fecha 3', 'F', '2026-06-25', 'Jue 25/06', '17:00', 'Túnez', 'Países Bajos', 'scheduled'),
  ('m058', 'Fecha 3', 'F', '2026-06-25', 'Jue 25/06', '17:00', 'Japón', 'Suecia', 'scheduled'),
  ('m059', 'Fecha 3', 'D', '2026-06-25', 'Jue 25/06', '20:00', 'Turquía', 'Estados Unidos', 'scheduled'),
  ('m060', 'Fecha 3', 'D', '2026-06-25', 'Jue 25/06', '20:00', 'Paraguay', 'Australia', 'scheduled'),
  ('m061', 'Fecha 3', 'I', '2026-06-26', 'Vie 26/06', '13:00', 'Noruega', 'Francia', 'scheduled'),
  ('m062', 'Fecha 3', 'I', '2026-06-26', 'Vie 26/06', '13:00', 'Senegal', 'Irak', 'scheduled'),
  ('m063', 'Fecha 3', 'H', '2026-06-26', 'Vie 26/06', '18:00', 'Uruguay', 'España', 'scheduled'),
  ('m064', 'Fecha 3', 'H', '2026-06-26', 'Vie 26/06', '18:00', 'Cabo Verde', 'Arabia Saudita', 'scheduled'),
  ('m065', 'Fecha 3', 'G', '2026-06-26', 'Vie 26/06', '21:00', 'Nueva Zelanda', 'Bélgica', 'scheduled'),
  ('m066', 'Fecha 3', 'G', '2026-06-26', 'Vie 26/06', '21:00', 'Egipto', 'Irán', 'scheduled'),
  ('m067', 'Fecha 3', 'L', '2026-06-27', 'Sáb 27/06', '15:00', 'Panamá', 'Inglaterra', 'scheduled'),
  ('m068', 'Fecha 3', 'L', '2026-06-27', 'Sáb 27/06', '15:00', 'Croacia', 'Ghana', 'scheduled'),
  ('m069', 'Fecha 3', 'K', '2026-06-27', 'Sáb 27/06', '17:30', 'Colombia', 'Portugal', 'scheduled'),
  ('m070', 'Fecha 3', 'K', '2026-06-27', 'Sáb 27/06', '17:30', 'RD Congo', 'Uzbekistán', 'scheduled'),
  ('m071', 'Fecha 3', 'J', '2026-06-27', 'Sáb 27/06', '20:00', 'Jordania', 'Argentina', 'scheduled'),
  ('m072', 'Fecha 3', 'J', '2026-06-27', 'Sáb 27/06', '20:00', 'Argelia', 'Austria', 'scheduled')
on conflict (id) do update set round = excluded.round, group_code = excluded.group_code, match_date = excluded.match_date, day_label = excluded.day_label, match_time = excluded.match_time, home_team = excluded.home_team, away_team = excluded.away_team;

insert into public.transmissions (match_id, media_id) values
  ('m001', 'tigo-sports'),
  ('m001', 'fox'),
  ('m001', 'canal-11-guatemala'),
  ('m001', 'canal-4-el-salvador'),
  ('m002', 'tigo-sports'),
  ('m003', 'tigo-sports'),
  ('m003', 'fox'),
  ('m003', 'canal-11-guatemala'),
  ('m003', 'canal-4-el-salvador'),
  ('m004', 'tigo-sports'),
  ('m005', 'tigo-sports'),
  ('m005', 'fox'),
  ('m005', 'canal-7-guatemala'),
  ('m005', 'canal-4-el-salvador'),
  ('m006', 'tigo-sports'),
  ('m007', 'tigo-sports'),
  ('m007', 'fox'),
  ('m007', 'canal-11-guatemala'),
  ('m008', 'tigo-sports'),
  ('m008', 'fox'),
  ('m008', 'canal-7-guatemala'),
  ('m009', 'tigo-sports'),
  ('m010', 'tigo-sports'),
  ('m010', 'canal-4-el-salvador'),
  ('m011', 'tigo-sports'),
  ('m011', 'fox'),
  ('m011', 'canal-7-guatemala'),
  ('m011', 'canal-4-el-salvador'),
  ('m012', 'tigo-sports'),
  ('m012', 'fox'),
  ('m012', 'canal-11-guatemala'),
  ('m013', 'tigo-sports'),
  ('m013', 'canal-4-el-salvador'),
  ('m014', 'tigo-sports'),
  ('m014', 'fox'),
  ('m014', 'canal-11-guatemala'),
  ('m014', 'canal-4-el-salvador'),
  ('m015', 'tigo-sports'),
  ('m015', 'canal-11-guatemala'),
  ('m016', 'tigo-sports'),
  ('m016', 'fox'),
  ('m016', 'canal-11-guatemala'),
  ('m017', 'tigo-sports'),
  ('m017', 'canal-4-el-salvador'),
  ('m018', 'tigo-sports'),
  ('m018', 'fox'),
  ('m018', 'canal-11-guatemala'),
  ('m019', 'tigo-sports'),
  ('m020', 'tigo-sports'),
  ('m020', 'fox'),
  ('m020', 'canal-11-guatemala'),
  ('m021', 'tigo-sports'),
  ('m022', 'tigo-sports'),
  ('m022', 'canal-4-el-salvador'),
  ('m023', 'tigo-sports'),
  ('m023', 'fox'),
  ('m023', 'canal-11-guatemala'),
  ('m024', 'tigo-sports'),
  ('m024', 'fox'),
  ('m024', 'canal-11-guatemala'),
  ('m025', 'tigo-sports'),
  ('m025', 'fox'),
  ('m025', 'canal-11-guatemala'),
  ('m026', 'tigo-sports'),
  ('m027', 'tigo-sports'),
  ('m027', 'fox'),
  ('m027', 'canal-11-guatemala'),
  ('m028', 'tigo-sports'),
  ('m028', 'fox'),
  ('m028', 'canal-11-guatemala'),
  ('m028', 'canal-4-el-salvador'),
  ('m029', 'tigo-sports'),
  ('m029', 'fox'),
  ('m029', 'canal-11-guatemala'),
  ('m030', 'tigo-sports'),
  ('m030', 'fox'),
  ('m030', 'canal-11-guatemala'),
  ('m030', 'canal-4-el-salvador'),
  ('m031', 'tigo-sports'),
  ('m031', 'fox'),
  ('m031', 'canal-11-guatemala'),
  ('m032', 'tigo-sports'),
  ('m032', 'fox'),
  ('m032', 'canal-11-guatemala'),
  ('m033', 'tigo-sports'),
  ('m034', 'tigo-sports'),
  ('m034', 'fox'),
  ('m034', 'canal-7-guatemala'),
  ('m034', 'canal-4-el-salvador'),
  ('m035', 'tigo-sports'),
  ('m035', 'fox'),
  ('m035', 'canal-11-guatemala'),
  ('m036', 'tigo-sports'),
  ('m036', 'fox'),
  ('m036', 'canal-11-guatemala'),
  ('m037', 'tigo-sports'),
  ('m038', 'tigo-sports'),
  ('m038', 'fox'),
  ('m038', 'canal-7-guatemala'),
  ('m038', 'canal-4-el-salvador'),
  ('m039', 'tigo-sports'),
  ('m040', 'tigo-sports'),
  ('m040', 'fox'),
  ('m040', 'canal-11-guatemala'),
  ('m041', 'tigo-sports'),
  ('m041', 'canal-4-el-salvador'),
  ('m042', 'tigo-sports'),
  ('m042', 'fox'),
  ('m042', 'canal-11-guatemala'),
  ('m043', 'tigo-sports'),
  ('m043', 'fox'),
  ('m043', 'canal-11-guatemala'),
  ('m044', 'tigo-sports'),
  ('m044', 'fox'),
  ('m044', 'canal-11-guatemala'),
  ('m045', 'tigo-sports'),
  ('m045', 'fox'),
  ('m045', 'canal-11-guatemala'),
  ('m046', 'tigo-sports'),
  ('m046', 'fox'),
  ('m046', 'canal-11-guatemala'),
  ('m046', 'canal-4-el-salvador'),
  ('m047', 'tigo-sports'),
  ('m047', 'fox'),
  ('m047', 'canal-11-guatemala'),
  ('m048', 'tigo-sports'),
  ('m048', 'canal-4-el-salvador'),
  ('m049', 'tigo-sports'),
  ('m049', 'fox'),
  ('m049', 'canal-11-guatemala'),
  ('m050', 'tigo-sports'),
  ('m050', 'canal-13-guatemala'),
  ('m051', 'tigo-sports'),
  ('m051', 'canal-4-el-salvador'),
  ('m052', 'tigo-sports'),
  ('m052', 'fox'),
  ('m052', 'canal-11-guatemala'),
  ('m053', 'tigo-sports'),
  ('m053', 'fox'),
  ('m053', 'canal-11-guatemala'),
  ('m054', 'tigo-sports'),
  ('m054', 'canal-13-guatemala'),
  ('m055', 'tigo-sports'),
  ('m055', 'fox'),
  ('m055', 'canal-11-guatemala'),
  ('m056', 'tigo-sports'),
  ('m056', 'canal-13-guatemala'),
  ('m057', 'tigo-sports'),
  ('m057', 'canal-11-guatemala'),
  ('m057', 'canal-4-el-salvador'),
  ('m058', 'tigo-sports'),
  ('m058', 'canal-13-guatemala'),
  ('m059', 'tigo-sports'),
  ('m059', 'fox'),
  ('m059', 'canal-11-guatemala'),
  ('m059', 'canal-4-el-salvador'),
  ('m060', 'tigo-sports'),
  ('m060', 'fox'),
  ('m060', 'canal-3-guatemala'),
  ('m061', 'tigo-sports'),
  ('m061', 'fox'),
  ('m061', 'canal-11-guatemala'),
  ('m061', 'canal-4-el-salvador'),
  ('m062', 'tigo-sports'),
  ('m062', 'fox'),
  ('m062', 'canal-13-guatemala'),
  ('m063', 'tigo-sports'),
  ('m063', 'canal-4-el-salvador'),
  ('m064', 'tigo-sports'),
  ('m064', 'fox'),
  ('m064', 'canal-11-guatemala'),
  ('m065', 'tigo-sports'),
  ('m065', 'fox'),
  ('m065', 'canal-11-guatemala'),
  ('m066', 'tigo-sports'),
  ('m066', 'fox'),
  ('m066', 'canal-3-guatemala'),
  ('m067', 'tigo-sports'),
  ('m067', 'fox'),
  ('m067', 'canal-7-guatemala'),
  ('m068', 'tigo-sports'),
  ('m068', 'fox'),
  ('m068', 'canal-11-guatemala'),
  ('m069', 'tigo-sports'),
  ('m069', 'canal-4-el-salvador'),
  ('m070', 'tigo-sports'),
  ('m070', 'fox'),
  ('m070', 'canal-7-guatemala'),
  ('m071', 'tigo-sports'),
  ('m071', 'fox'),
  ('m071', 'canal-11-guatemala'),
  ('m071', 'canal-4-el-salvador'),
  ('m072', 'tigo-sports'),
  ('m072', 'fox'),
  ('m072', 'canal-13-guatemala')
on conflict (match_id, media_id) do nothing;
